"STATION","NAME","LATITUDE","LONGITUDE","ELEVATION","DATE","AWND","PGTM","PRCP","SNOW","SNWD","TAVG","TMAX","TMIN","WDF2","WDF5","WSF2","WSF5","WT01","WT02","WT03","WT04","WT05","WT06","WT08","WT09"
"USW00014732","LAGUARDIA AIRPORT, NY US","40.77944","-73.88035","3.4","2019-01-01","17.00",,"0.08","0.0","0.0","51","60","40","  300","  300","36.0","45.0","    1",,,,,,,
"USW00014732","LAGUARDIA AIRPORT, NY US","40.77944","-73.88035","3.4","2019-01-02","8.50",,"0.00","0.0","0.0","39","41","35","  310","  310","19.9","23.0",,,,,,,,
"USW00014732","LAGUARDIA AIRPORT, NY US","40.77944","-73.88035","3.4","2019-01-03","10.51",,"0.00","0.0","0.0","41","45","39","  330","  330","23.9","29.1",,,,,,,,
"USW00014732","LAGUARDIA AIRPORT, NY US","40.77944","-73.88035","3.4","2019-01-04","9.84",,"0.00","0.0","0.0","41","47","37","  220","  230","18.1","25.1",,,,,,,,
"USW00014732","LAGUARDIA AIRPORT, NY US","40.77944","-73.88035","3.4","2019-01-05","13.65",,"0.45","0.0","0.0","44","47","42","  290","  290","23.9","30.0","    1","    1",,,,,,
"USW00014732","LAGUARDIA AIRPORT, NY US","40.77944","-73.88035","3.4","2019-01-06","17.22",,"0.00","0.0","0.0","45","49","32","  330","  310","36.0","45.0",,,,,,,,
"USW00014732","LAGUARDIA AIRPORT, NY US","40.77944","-73.88035","3.4","2019-01-07","9.84",,"0.00","0.0","0.0","31","35","26","  330","  320","23.0","29.1",,,,,,,,
"USW00014732","LAGUARDIA AIRPORT, NY US","40.77944","-73.88035","3.4","2019-01-08","5.59",,"0.21","0.0","0.0","40","47","35","  160","  150","13.0","16.1","    1","    1",,,,,"    1",
"USW00014732","LAGUARDIA AIRPORT, NY US","40.77944","-73.88035","3.4","2019-01-09","20.80",,"0.07","0.0","0.0","44","46","35","  300","  310","33.1","42.9","    1",,,,,,,
"USW00014732","LAGUARDIA AIRPORT, NY US","40.77944","-73.88035","3.4","2019-01-10","22.82",,"0.00","0.0","0.0","35","35","30","  320","  300","36.0","51.0",,,,,,,,
"USW00014732","LAGUARDIA AIRPORT, NY US","40.77944","-73.88035","3.4","2019-01-11","19.01",,"0.00","0.0","0.0","28","32","22","  320","  320","31.1","40.0",,,,,,,,
"USW00014732","LAGUARDIA AIRPORT, NY US","40.77944","-73.88035","3.4","2019-01-12","8.05",,"0.00","0.0","0.0","26","34","21","  300","  330","17.0","21.0",,,,,,,,
"USW00014732","LAGUARDIA AIRPORT, NY US","40.77944","-73.88035","3.4","2019-01-13","11.41",,"0.00","0.0","0.0","30","33","25","   60","   50","23.0","31.1",,,,,,,,
"USW00014732","LAGUARDIA AIRPORT, NY US","40.77944","-73.88035","3.4","2019-01-14","10.96",,"0.00","0.0","0.0","28","35","22","   20","  360","19.9","23.9",,,,,,,,
"USW00014732","LAGUARDIA AIRPORT, NY US","40.77944","-73.88035","3.4","2019-01-15","6.93",,"0.00","0.0","0.0","30","36","26","  350","  340","14.1","18.1",,,,,,,,
"USW00014732","LAGUARDIA AIRPORT, NY US","40.77944","-73.88035","3.4","2019-01-16","12.08",,"0.00","0.0","0.0","34","40","31","  330","  280","21.0","30.0",,,,,,,,
"USW00014732","LAGUARDIA AIRPORT, NY US","40.77944","-73.88035","3.4","2019-01-17","9.17",,"0.00","0.0","0.0","31","34","26","  320","  340","19.9","25.9",,,,,,,,
"USW00014732","LAGUARDIA AIRPORT, NY US","40.77944","-73.88035","3.4","2019-01-18","7.61",,"0.03","0.4","0.0","33","42","29","  310","  270","14.1","18.1","    1",,,,,,,
"USW00014732","LAGUARDIA AIRPORT, NY US","40.77944","-73.88035","3.4","2019-01-19","9.40",,"0.34","0.0","0.0","36","39","32","   70","   80","16.1","19.0","    1",,,"    1",,,,
"USW00014732","LAGUARDIA AIRPORT, NY US","40.77944","-73.88035","3.4","2019-01-20","20.36",,"1.00","0.0","0.0","35","40","16","  310","  310","38.0","50.1","    1",,,"    1",,,,
"USW00014732","LAGUARDIA AIRPORT, NY US","40.77944","-73.88035","3.4","2019-01-21","26.62",,"0.00","0.0","0.0","13","16","5","  310","  280","38.0","50.1",,,,,,,,
"USW00014732","LAGUARDIA AIRPORT, NY US","40.77944","-73.88035","3.4","2019-01-22","10.74",,"0.00","0.0","0.0","19","31","14","  310","  300","25.9","34.0",,,,,,,,
"USW00014732","LAGUARDIA AIRPORT, NY US","40.77944","-73.88035","3.4","2019-01-23","8.95",,"0.00","0.0","0.0","34","47","30","  210","  220","16.1","21.0",,,,,,,,
"USW00014732","LAGUARDIA AIRPORT, NY US","40.77944","-73.88035","3.4","2019-01-24","16.78",,"1.48","0.0","0.0","50","57","35","  290","  280","30.0","40.9","    1",,,,,,,
"USW00014732","LAGUARDIA AIRPORT, NY US","40.77944","-73.88035","3.4","2019-01-25","15.21",,"0.00","0.0","0.0","37","40","29","  260","  270","30.0","38.0",,,,,,,,
"USW00014732","LAGUARDIA AIRPORT, NY US","40.77944","-73.88035","3.4","2019-01-26","9.40",,"0.00","0.0","0.0","30","35","25","  270","  270","18.1","25.1",,,,,,,,
"USW00014732","LAGUARDIA AIRPORT, NY US","40.77944","-73.88035","3.4","2019-01-27","11.18",,"0.00","0.0","0.0","38","49","29","  180","  180","25.9","35.1",,,,,,,,
"USW00014732","LAGUARDIA AIRPORT, NY US","40.77944","-73.88035","3.4","2019-01-28","9.17",,"0.00","0.0","0.0","33","39","25","  340","  330","19.9","23.9",,,,,,,,
"USW00014732","LAGUARDIA AIRPORT, NY US","40.77944","-73.88035","3.4","2019-01-29","10.29",,"0.27","0.0","0.0","32","44","25","  270","  160","19.9","25.9","    1",,,,,,,
"USW00014732","LAGUARDIA AIRPORT, NY US","40.77944","-73.88035","3.4","2019-01-30","19.69",,"0.00","0.2","0.0","30","36","7","  290","  290","38.9","53.9","    1",,,,,,"    1","    1"
"USW00014732","LAGUARDIA AIRPORT, NY US","40.77944","-73.88035","3.4","2019-01-31","14.54",,"0.00","0.0","0.0","9","17","3","  270","  290","23.9","32.0",,,,,,,,
"USW00014732","LAGUARDIA AIRPORT, NY US","40.77944","-73.88035","3.4","2019-02-01","9.40",,"0.00","0.0","0.0","16","22","12","  290","  280","19.9","28.0",,,,,,,,
"USW00014732","LAGUARDIA AIRPORT, NY US","40.77944","-73.88035","3.4","2019-02-02","10.29",,"0.00","0.0","0.0","24","35","18","  240","  240","21.0","29.1",,,,,,,,
"USW00014732","LAGUARDIA AIRPORT, NY US","40.77944","-73.88035","3.4","2019-02-03","5.37",,"0.00","0.0","0.0","39","52","31","  170","  250","15.0","18.1",,,,,,,"    1",
"USW00014732","LAGUARDIA AIRPORT, NY US","40.77944","-73.88035","3.4","2019-02-04","5.14",,"0.00","0.0","0.0","46","59","36","  160","  170","14.1","17.0",,,,,,,,
"USW00014732","LAGUARDIA AIRPORT, NY US","40.77944","-73.88035","3.4","2019-02-05","5.59",,"0.00","0.0","0.0","49","65","36","  350","  340","17.0","21.9","    1",,,,,,"    1",
"USW00014732","LAGUARDIA AIRPORT, NY US","40.77944","-73.88035","3.4","2019-02-06","10.51",,"0.47","0.0","0.0","42","46","35","  110","  110","17.0","21.9","    1",,,,,,,
"USW00014732","LAGUARDIA AIRPORT, NY US","40.77944","-73.88035","3.4","2019-02-07","10.29",,"0.11","0.0","0.0","41","44","37","   40","   40","23.9","29.1","    1",,,,,,,
"USW00014732","LAGUARDIA AIRPORT, NY US","40.77944","-73.88035","3.4","2019-02-08","14.09",,"0.37","0.0","0.0","45","55","33","  270","  270","36.0","50.1","    1",,,,,,,
"USW00014732","LAGUARDIA AIRPORT, NY US","40.77944","-73.88035","3.4","2019-02-09","21.92",,"0.00","0.0","0.0","31","33","24","  310","  300","36.0","48.1",,,,,,,,
"USW00014732","LAGUARDIA AIRPORT, NY US","40.77944","-73.88035","3.4","2019-02-10","8.95",,"0.00","0.0","0.0","29","36","24","  260","  310","15.0","19.9",,,,,,,,
"USW00014732","LAGUARDIA AIRPORT, NY US","40.77944","-73.88035","3.4","2019-02-11","6.71",,"0.00","0.0","0.0","34","37","31","   50","   60","14.1","19.0",,,,,,,,
"USW00014732","LAGUARDIA AIRPORT, NY US","40.77944","-73.88035","3.4","2019-02-12","15.21",,"0.70","1.5","0.0","31","35","26","   60","   50","25.1","31.1","    1",,,"    1",,"    1",,
"USW00014732","LAGUARDIA AIRPORT, NY US","40.77944","-73.88035","3.4","2019-02-13","15.88",,"0.06","0.0","1.2","37","42","33","  280","  270","33.1","42.9","    1",,,,,,,
"USW00014732","LAGUARDIA AIRPORT, NY US","40.77944","-73.88035","3.4","2019-02-14","11.63",,"0.00","0.0","0.0","37","46","33","  270","  270","23.9","31.1",,,,,,,,
"USW00014732","LAGUARDIA AIRPORT, NY US","40.77944","-73.88035","3.4","2019-02-15","9.40",,"0.00","0.0","0.0","46","56","41","  320","  320","23.9","30.0",,,,,,,,
"USW00014732","LAGUARDIA AIRPORT, NY US","40.77944","-73.88035","3.4","2019-02-16","14.99",,"0.00","0.0","0.0","42","46","32","  330","  330","25.1","30.0",,,,,,,,
"USW00014732","LAGUARDIA AIRPORT, NY US","40.77944","-73.88035","3.4","2019-02-17","9.17",,"0.04","0.0","0.0","32","37","26","   30","  360","16.1","19.9",,,,,,,"    1",
"USW00014732","LAGUARDIA AIRPORT, NY US","40.77944","-73.88035","3.4","2019-02-18","14.09",,"0.10","0.0","0.0","36","42","26","  300","  310","31.1","38.0","    1",,,,,,"    1",
"USW00014732","LAGUARDIA AIRPORT, NY US","40.77944","-73.88035","3.4","2019-02-19","13.42",,"0.00","0.0","0.0","29","36","24","  310","  310","23.0","29.1",,,,,,,,
"USW00014732","LAGUARDIA AIRPORT, NY US","40.77944","-73.88035","3.4","2019-02-20","8.05",,"0.59","1.4","0.0","29","32","26","   40","   50","16.1","19.9","    1","    1",,,,"    1","    1",
"USW00014732","LAGUARDIA AIRPORT, NY US","40.77944","-73.88035","3.4","2019-02-21","9.62",,"0.14","0.0","0.0","38","52","32","  310","  320","19.9","25.1","    1",,,,,"    1",,
"USW00014732","LAGUARDIA AIRPORT, NY US","40.77944","-73.88035","3.4","2019-02-22","12.97",,"0.00","0.0","0.0","42","43","37","  310","  320","25.1","30.0",,,,,,,,
"USW00014732","LAGUARDIA AIRPORT, NY US","40.77944","-73.88035","3.4","2019-02-23","7.83",,"0.00","0.0","0.0","36","39","32","   40","   50","12.1","13.0","    1",,,,,,,
"USW00014732","LAGUARDIA AIRPORT, NY US","40.77944","-73.88035","3.4","2019-02-24","15.66",,"0.73","0.0","0.0","39","47","35","  270","  270","38.9","55.0","    1","    1",,,,,,
"USW00014732","LAGUARDIA AIRPORT, NY US","40.77944","-73.88035","3.4","2019-02-25","27.07",,"0.00","0.0","0.0","41","43","28","  270","  270","42.9","57.9",,,,,,,,
"USW00014732","LAGUARDIA AIRPORT, NY US","40.77944","-73.88035","3.4","2019-02-26","17.67",,"0.00","0.0","0.0","30","37","25","  290","  280","31.1","40.0",,,,,,,,
"USW00014732","LAGUARDIA AIRPORT, NY US","40.77944","-73.88035","3.4","2019-02-27","9.84",,"0.00","0.0","0.0","26","29","23","  320","  320","21.0","25.1",,,,,,,,
"USW00014732","LAGUARDIA AIRPORT, NY US","40.77944","-73.88035","3.4","2019-02-28","11.41",,"0.03","0.1","0.0","30","36","26","  320","  320","23.9","28.0","    1",,,,,"    1",,
"USW00014732","LAGUARDIA AIRPORT, NY US","40.77944","-73.88035","3.4","2019-03-01","11.63",,"0.10","1.2","1.2","30","36","25","   60","   60","17.0","23.0","    1",,,,,,,
"USW00014732","LAGUARDIA AIRPORT, NY US","40.77944","-73.88035","3.4","2019-03-02","8.50",,"0.45","3.8","3.1","34","41","30","   50","   50","18.1","21.9","    1",,,"    1","    1",,"    1",
"USW00014732","LAGUARDIA AIRPORT, NY US","40.77944","-73.88035","3.4","2019-03-03","8.72",,"0.51","2.5","0.0","38","43","32","   40","   40","17.0","21.0","    1",,,,,,,
"USW00014732","LAGUARDIA AIRPORT, NY US","40.77944","-73.88035","3.4","2019-03-04","14.32",,"0.35","2.3","3.9","34","39","28","  310","  300","21.9","28.0","    1",,,,,,,
"USW00014732","LAGUARDIA AIRPORT, NY US","40.77944","-73.88035","3.4","2019-03-05","13.87",,"0.00","0.0","2.0","27","32","21","  310","  300","23.9","30.0",,,,,,,,
"USW00014732","LAGUARDIA AIRPORT, NY US","40.77944","-73.88035","3.4","2019-03-06","16.33",,"0.00","0.0","0.0","24","27","19","  320","  270","25.9","35.1",,,,,,,,
"USW00014732","LAGUARDIA AIRPORT, NY US","40.77944","-73.88035","3.4","2019-03-07","12.30",,"0.00","0.0","0.0","24","33","19","  270","  280","21.9","28.0",,,,,,,,
"USW00014732","LAGUARDIA AIRPORT, NY US","40.77944","-73.88035","3.4","2019-03-08","5.82",,"0.00","0.0","0.0","30","38","24","  170","  170","14.1","19.0",,,,,,,,
"USW00014732","LAGUARDIA AIRPORT, NY US","40.77944","-73.88035","3.4","2019-03-09","7.38",,"0.00","0.0","0.0","39","47","34","  160","  130","13.0","16.1",,,,,,,,
"USW00014732","LAGUARDIA AIRPORT, NY US","40.77944","-73.88035","3.4","2019-03-10","12.30",,"0.66","0.1","0.0","38","44","34","   40","   90","23.9","30.0","    1","    1",,"    1",,,,
"USW00014732","LAGUARDIA AIRPORT, NY US","40.77944","-73.88035","3.4","2019-03-11","16.55",,"0.00","0.0","0.0","45","53","39","  330","  330","31.1","38.0",,,,,,,,
"USW00014732","LAGUARDIA AIRPORT, NY US","40.77944","-73.88035","3.4","2019-03-12","16.33",,"0.00","0.0","0.0","40","43","34","  310","  290","28.0","38.0",,,,,,,,
"USW00014732","LAGUARDIA AIRPORT, NY US","40.77944","-73.88035","3.4","2019-03-13","8.05",,"0.00","0.0","0.0","38","46","32","  190","  190","17.0","21.0",,,,,,,,
"USW00014732","LAGUARDIA AIRPORT, NY US","40.77944","-73.88035","3.4","2019-03-14","11.18",,"0.00","0.0","0.0","46","57","41","  170","  170","21.0","28.0",,,,,,,,
"USW00014732","LAGUARDIA AIRPORT, NY US","40.77944","-73.88035","3.4","2019-03-15","11.63",,"0.27","0.0","0.0","55","72","48","  230","  240","23.9","32.0","    1",,"    1",,,,,
"USW00014732","LAGUARDIA AIRPORT, NY US","40.77944","-73.88035","3.4","2019-03-16","18.79",,"0.00","0.0","0.0","51","59","37","  300","  280","25.9","36.0",,,,,,,,
"USW00014732","LAGUARDIA AIRPORT, NY US","40.77944","-73.88035","3.4","2019-03-17","12.75",,"0.00","0.0","0.0","39","45","34","  300","  290","23.0","27.1",,,,,,,,
"USW00014732","LAGUARDIA AIRPORT, NY US","40.77944","-73.88035","3.4","2019-03-18","6.71",,"0.00","0.0","0.0","38","46","33","  300","  300","17.0","21.0",,,,,,,,
"USW00014732","LAGUARDIA AIRPORT, NY US","40.77944","-73.88035","3.4","2019-03-19","7.61",,"0.00","0.0","0.0","42","49","36","  310","  280","16.1","23.9",,,,,,,,
"USW00014732","LAGUARDIA AIRPORT, NY US","40.77944","-73.88035","3.4","2019-03-20","9.84",,"0.00","0.0","0.0","44","51","37","  170","  170","19.9","30.0",,,,,,,,
"USW00014732","LAGUARDIA AIRPORT, NY US","40.77944","-73.88035","3.4","2019-03-21","14.76",,"0.69","0.0","0.0","42","45","40","   50","   50","32.0","38.0","    1",,,,,,"    1",
"USW00014732","LAGUARDIA AIRPORT, NY US","40.77944","-73.88035","3.4","2019-03-22","22.59",,"0.53","0.0","0.0","43","49","38","  290","  290","35.1","45.0","    1",,,,,,,
"USW00014732","LAGUARDIA AIRPORT, NY US","40.77944","-73.88035","3.4","2019-03-23","21.92",,"0.00","0.0","0.0","41","48","35","  290","  290","36.0","47.0",,,,,,,,
"USW00014732","LAGUARDIA AIRPORT, NY US","40.77944","-73.88035","3.4","2019-03-24","11.63",,"0.00","0.0","0.0","47","60","38","  240","  260","21.0","30.0",,,,,,,,
"USW00014732","LAGUARDIA AIRPORT, NY US","40.77944","-73.88035","3.4","2019-03-25","9.40",,"0.00","0.0","0.0","53","58","42","  270","  270","19.9","31.1",,,,,,,,
"USW00014732","LAGUARDIA AIRPORT, NY US","40.77944","-73.88035","3.4","2019-03-26","12.08",,"0.00","0.0","0.0","42","48","33","  360","   40","19.9","27.1",,,,,,,,
"USW00014732","LAGUARDIA AIRPORT, NY US","40.77944","-73.88035","3.4","2019-03-27","10.29",,"0.00","0.0","0.0","40","44","34","   40","   60","15.0","21.9",,,,,,,,
"USW00014732","LAGUARDIA AIRPORT, NY US","40.77944","-73.88035","3.4","2019-03-28","9.84",,"0.00","0.0","0.0","42","51","37","  160","  170","21.0","25.9",,,,,,,,
"USW00014732","LAGUARDIA AIRPORT, NY US","40.77944","-73.88035","3.4","2019-03-29","6.93",,"0.00","0.0","0.0","51","59","47","  220","  230","13.0","17.0",,,,,,,,
"USW00014732","LAGUARDIA AIRPORT, NY US","40.77944","-73.88035","3.4","2019-03-30","12.30",,"0.00","0.0","0.0","55","65","46","  170","  170","25.9","36.0",,,,,,,,
"USW00014732","LAGUARDIA AIRPORT, NY US","40.77944","-73.88035","3.4","2019-03-31","15.43",,"0.08","0.0","0.0","52","60","39","  320","  320","29.1","35.1",,,,,,,,
"USW00014732","LAGUARDIA AIRPORT, NY US","40.77944","-73.88035","3.4","2019-04-01","15.21",,"0.00","0.0","0.0","40","46","33","  300","  290","29.1","36.9",,,,,,,,
"USW00014732","LAGUARDIA AIRPORT, NY US","40.77944","-73.88035","3.4","2019-04-02","10.96",,"0.00","0.0","0.0","43","50","37","   60","  180","19.9","25.9",,,,,,,,
"USW00014732","LAGUARDIA AIRPORT, NY US","40.77944","-73.88035","3.4","2019-04-03","17.45",,"0.00","0.0","0.0","50","67","41","  290","  250","35.1","46.1",,,,,,,,
"USW00014732","LAGUARDIA AIRPORT, NY US","40.77944","-73.88035","3.4","2019-04-04","14.32",,"0.00","0.0","0.0","52","59","44","  310","  310","25.9","33.1",,,,,,,,
"USW00014732","LAGUARDIA AIRPORT, NY US","40.77944","-73.88035","3.4","2019-04-05","10.51",,"0.23","0.0","0.0","42","45","39","   40","   60","17.0","19.9","    1",,,,,,,
"USW00014732","LAGUARDIA AIRPORT, NY US","40.77944","-73.88035","3.4","2019-04-06","6.93",,"0.00","0.0","0.0","47","66","39","  310","  310","17.0","19.9","    1",,,,,,"    1",
"USW00014732","LAGUARDIA AIRPORT, NY US","40.77944","-73.88035","3.4","2019-04-07","8.50",,"0.00","0.0","0.0","56","63","47","  160","  180","19.9","23.9",,,,,,,,
"USW00014732","LAGUARDIA AIRPORT, NY US","40.77944","-73.88035","3.4","2019-04-08","11.41",,"0.25","0.0","0.0","62","79","47","  260","  250","21.9","28.0","    1",,,,,,"    1",
"USW00014732","LAGUARDIA AIRPORT, NY US","40.77944","-73.88035","3.4","2019-04-09","8.72",,"0.02","0.0","0.0","47","50","43","  160","   60","16.1","23.0","    1","    1","    1",,,,"    1",
"USW00014732","LAGUARDIA AIRPORT, NY US","40.77944","-73.88035","3.4","2019-04-10","13.42",,"0.00","0.0","0.0","51","58","44","  320","  330","23.9","31.1","    1",,,,,,,
"USW00014732","LAGUARDIA AIRPORT, NY US","40.77944","-73.88035","3.4","2019-04-11","7.16",,"0.00","0.0","0.0","45","52","40","   20","   20","18.1","21.9",,,,,,,,
"USW00014732","LAGUARDIA AIRPORT, NY US","40.77944","-73.88035","3.4","2019-04-12","12.30",,"0.48","0.0","0.0","51","66","45","  180","  170","23.0","33.1","    1",,,,,,,
"USW00014732","LAGUARDIA AIRPORT, NY US","40.77944","-73.88035","3.4","2019-04-13","9.17",,"0.28","0.0","0.0","63","75","58","  170","  170","17.0","21.0","    1",,,,,,"    1",
"USW00014732","LAGUARDIA AIRPORT, NY US","40.77944","-73.88035","3.4","2019-04-14","8.95",,"0.00","0.0","0.0","63","70","56","  190","  190","18.1","23.9","    1","    1",,,,,"    1",
"USW00014732","LAGUARDIA AIRPORT, NY US","40.77944","-73.88035","3.4","2019-04-15","19.91",,"0.78","0.0","0.0","56","62","45","  300","  310","38.0","50.1","    1",,"    1",,,,,
"USW00014732","LAGUARDIA AIRPORT, NY US","40.77944","-73.88035","3.4","2019-04-16","18.12",,"0.00","0.0","0.0","51","64","44","  300","  290","30.0","40.0",,,,,,,,
"USW00014732","LAGUARDIA AIRPORT, NY US","40.77944","-73.88035","3.4","2019-04-17","8.28",,"0.01","0.0","0.0","53","61","47","  190","  190","18.1","23.0",,,,,,,,
"USW00014732","LAGUARDIA AIRPORT, NY US","40.77944","-73.88035","3.4","2019-04-18","11.41",,"0.00","0.0","0.0","54","63","50","  170","  170","18.1","25.9",,,,,,,,
"USW00014732","LAGUARDIA AIRPORT, NY US","40.77944","-73.88035","3.4","2019-04-19","13.65",,"0.10","0.0","0.0","62","76","55","  170","  190","23.9","35.1","    1",,,,,,,
"USW00014732","LAGUARDIA AIRPORT, NY US","40.77944","-73.88035","3.4","2019-04-20","15.21",,"0.58","0.0","0.0","60","63","54","  160","  160","30.0","38.9","    1",,,,,,,
"USW00014732","LAGUARDIA AIRPORT, NY US","40.77944","-73.88035","3.4","2019-04-21","8.72",,"0.00","0.0","0.0","56","64","51","  160","  160","19.9","23.9",,,,,,,,
"USW00014732","LAGUARDIA AIRPORT, NY US","40.77944","-73.88035","3.4","2019-04-22","8.50",,"0.29","0.0","0.0","55","60","49","  340","  340","19.9","23.0","    1",,,,,,,
"USW00014732","LAGUARDIA AIRPORT, NY US","40.77944","-73.88035","3.4","2019-04-23","8.50",,"0.10","0.0","0.0","61","75","54","  190","  180","21.0","25.9",,,,,,,,
"USW00014732","LAGUARDIA AIRPORT, NY US","40.77944","-73.88035","3.4","2019-04-24","12.30",,"0.01","0.0","0.0","64","68","54","  300","  290","23.9","30.0",,,,,,,,
"USW00014732","LAGUARDIA AIRPORT, NY US","40.77944","-73.88035","3.4","2019-04-25","8.28",,"0.01","0.0","0.0","56","63","49","  160","  160","15.0","19.0",,,,,,,,
"USW00014732","LAGUARDIA AIRPORT, NY US","40.77944","-73.88035","3.4","2019-04-26","12.30",,"1.10","0.0","0.0","53","61","50","  290","  280","25.9","35.1","    1",,"    1",,,,,
"USW00014732","LAGUARDIA AIRPORT, NY US","40.77944","-73.88035","3.4","2019-04-27","16.78",,"0.11","0.0","0.0","55","57","48","  290","  290","33.1","40.0",,,,,,,,
"USW00014732","LAGUARDIA AIRPORT, NY US","40.77944","-73.88035","3.4","2019-04-28","10.51",,"0.00","0.0","0.0","50","52","46","  350","  310","19.9","23.9",,,,,,,,
"USW00014732","LAGUARDIA AIRPORT, NY US","40.77944","-73.88035","3.4","2019-04-29","9.40",,"0.02","0.0","0.0","50","59","44","  160","  200","18.1","23.9",,,,,,,"    1",
"USW00014732","LAGUARDIA AIRPORT, NY US","40.77944","-73.88035","3.4","2019-04-30","7.16",,"0.05","0.0","0.0","51","57","48","   60","   50","17.0","21.0","    1",,,,,,,
"USW00014732","LAGUARDIA AIRPORT, NY US","40.77944","-73.88035","3.4","2019-05-01","8.05",,"0.01","0.0","0.0","52","55","48","  160","  160","15.0","19.0","    1","    1",,,,,"    1",
"USW00014732","LAGUARDIA AIRPORT, NY US","40.77944","-73.88035","3.4","2019-05-02","7.83",,"0.00","0.0","0.0","55","71","47","   50","   50","21.0","23.0","    1","    1",,,,,"    1",
"USW00014732","LAGUARDIA AIRPORT, NY US","40.77944","-73.88035","3.4","2019-05-03","8.95",,"0.13","0.0","0.0","51","52","48","   50","   40","13.0","19.9","    1",,"    1",,,,,
"USW00014732","LAGUARDIA AIRPORT, NY US","40.77944","-73.88035","3.4","2019-05-04","4.47",,"0.06","0.0","0.0","55","68","50","   60","   60","14.1","21.9","    1",,,,,,"    1",
"USW00014732","LAGUARDIA AIRPORT, NY US","40.77944","-73.88035","3.4","2019-05-05","14.32",,"1.33","0.0","0.0","53","54","49","   50","   40","25.1","30.0","    1",,,,,,,
"USW00014732","LAGUARDIA AIRPORT, NY US","40.77944","-73.88035","3.4","2019-05-06","8.95",,"0.00","0.0","0.0","55","67","49","   40","   30","21.9","30.0",,,,,,,,
"USW00014732","LAGUARDIA AIRPORT, NY US","40.77944","-73.88035","3.4","2019-05-07","8.72",,"0.06","0.0","0.0","57","65","51","  170","  170","19.9","23.9","    1",,,,,,,
"USW00014732","LAGUARDIA AIRPORT, NY US","40.77944","-73.88035","3.4","2019-05-08","7.83",,"0.00","0.0","0.0","60","68","54","  190","  190","16.1","21.0",,,,,,,,
"USW00014732","LAGUARDIA AIRPORT, NY US","40.77944","-73.88035","3.4","2019-05-09","11.86",,"0.00","0.0","0.0","56","61","52","  130","   90","18.1","23.9",,,,,,,,
"USW00014732","LAGUARDIA AIRPORT, NY US","40.77944","-73.88035","3.4","2019-05-10","9.62",,"0.04","0.0","0.0","62","73","56","  140","  210","16.1","21.9","    1",,,,,,,
"USW00014732","LAGUARDIA AIRPORT, NY US","40.77944","-73.88035","3.4","2019-05-11","8.50",,"0.01","0.0","0.0","65","70","57","  330","  330","18.1","23.0",,,,,,,,
"USW00014732","LAGUARDIA AIRPORT, NY US","40.77944","-73.88035","3.4","2019-05-12","18.12",,"1.22","0.0","0.0","53","59","44","   60","   70","28.0","35.1","    1",,,,,,"    1",
"USW00014732","LAGUARDIA AIRPORT, NY US","40.77944","-73.88035","3.4","2019-05-13","12.30",,"0.59","0.0","0.0","46","50","42","   60","   60","25.9","29.1","    1",,,,,,,
"USW00014732","LAGUARDIA AIRPORT, NY US","40.77944","-73.88035","3.4","2019-05-14","8.05",,"0.20","0.0","0.0","47","52","44","  330","  330","16.1","19.9","    1",,,,,,,
"USW00014732","LAGUARDIA AIRPORT, NY US","40.77944","-73.88035","3.4","2019-05-15","10.07",,"0.02","0.0","0.0","54","69","47","  320","  310","19.9","27.1","    1",,,,,,,
"USW00014732","LAGUARDIA AIRPORT, NY US","40.77944","-73.88035","3.4","2019-05-16","7.38",,"0.09","0.0","0.0","63","73","55","  320","  320","17.0","23.0",,,,,,,,
"USW00014732","LAGUARDIA AIRPORT, NY US","40.77944","-73.88035","3.4","2019-05-17","10.07",,"0.03","0.0","0.0","69","78","63","  300","  240","17.0","23.0",,,,,,,,
"USW00014732","LAGUARDIA AIRPORT, NY US","40.77944","-73.88035","3.4","2019-05-18","8.95",,"0.00","0.0","0.0","67","75","59","  330","  320","19.9","28.0",,,,,,,,
"USW00014732","LAGUARDIA AIRPORT, NY US","40.77944","-73.88035","3.4","2019-05-19","10.74",,"0.03","0.0","0.0","66","76","60","  180","  190","25.1","32.0",,,"    1",,,,,
"USW00014732","LAGUARDIA AIRPORT, NY US","40.77944","-73.88035","3.4","2019-05-20","14.76",,"0.00","0.0","0.0","76","89","65","  320","  310","28.0","36.0",,,"    1",,,,,
"USW00014732","LAGUARDIA AIRPORT, NY US","40.77944","-73.88035","3.4","2019-05-21","18.34",,"0.00","0.0","0.0","68","71","57","  320","  320","29.1","38.0",,,,,,,,
"USW00014732","LAGUARDIA AIRPORT, NY US","40.77944","-73.88035","3.4","2019-05-22","10.51",,"0.00","0.0","0.0","65","76","57","  350","  350","18.1","23.9",,,,,,,,
"USW00014732","LAGUARDIA AIRPORT, NY US","40.77944","-73.88035","3.4","2019-05-23","9.17",,"0.48","0.0","0.0","67","75","58","  240","  230","19.9","27.1",,,"    1",,,,"    1",
"USW00014732","LAGUARDIA AIRPORT, NY US","40.77944","-73.88035","3.4","2019-05-24","17.67",,"0.00","0.0","0.0","70","74","63","  300","  320","31.1","36.9",,,,,,,,
"USW00014732","LAGUARDIA AIRPORT, NY US","40.77944","-73.88035","3.4","2019-05-25","12.30",,"0.00","0.0","0.0","64","70","57","  170","  180","23.0","30.0",,,,,,,,
"USW00014732","LAGUARDIA AIRPORT, NY US","40.77944","-73.88035","3.4","2019-05-26","8.50",,"0.25","0.0","0.0","72","89","62","  350","   10","23.9","40.0",,,"    1",,,,,
"USW00014732","LAGUARDIA AIRPORT, NY US","40.77944","-73.88035","3.4","2019-05-27","8.05",,"0.00","0.0","0.0","74","81","66","  360","   20","16.1","21.0",,,,,,,,
"USW00014732","LAGUARDIA AIRPORT, NY US","40.77944","-73.88035","3.4","2019-05-28","9.17",,"0.19","0.0","0.0","68","71","62","  180","  180","21.0","27.1","    1",,"    1",,,,,
"USW00014732","LAGUARDIA AIRPORT, NY US","40.77944","-73.88035","3.4","2019-05-29","8.50",,"0.83","0.0","0.0","63","68","56","   50","   60","18.1","23.0","    1",,"    1",,,,"    1",
"USW00014732","LAGUARDIA AIRPORT, NY US","40.77944","-73.88035","3.4","2019-05-30","6.04",,"0.80","0.0","0.0","60","68","56","  160","  100","14.1","17.0","    1",,"    1",,,,"    1",
"USW00014732","LAGUARDIA AIRPORT, NY US","40.77944","-73.88035","3.4","2019-05-31","7.38",,"0.00","0.0","0.0","70","81","61","  260","  300","15.0","19.0","    1",,,,,,,
"USW00014732","LAGUARDIA AIRPORT, NY US","40.77944","-73.88035","3.4","2019-06-01","7.61",,"0.00","0.0","0.0","71","80","63","  170","   60","14.1","21.0",,,,,,,,
"USW00014732","LAGUARDIA AIRPORT, NY US","40.77944","-73.88035","3.4","2019-06-02","8.50",,"0.39","0.0","0.0","71","83","63","  310","  310","28.0","33.1","    1",,"    1",,,,"    1",
"USW00014732","LAGUARDIA AIRPORT, NY US","40.77944","-73.88035","3.4","2019-06-03","12.75",,"0.00","0.0","0.0","67","72","60","  310","  290","25.1","32.0",,,,,,,,
"USW00014732","LAGUARDIA AIRPORT, NY US","40.77944","-73.88035","3.4","2019-06-04","9.40",,"0.00","0.0","0.0","64","73","57","  160","  310","14.1","30.0",,,,,,,,
"USW00014732","LAGUARDIA AIRPORT, NY US","40.77944","-73.88035","3.4","2019-06-05","10.51",,"0.00","0.0","0.0","72","82","66","  210","  190","19.9","27.1",,,,,,,,
"USW00014732","LAGUARDIA AIRPORT, NY US","40.77944","-73.88035","3.4","2019-06-06","8.95",,"0.05","0.0","0.0","76","83","71","  310","  220","19.9","27.1","    1",,,,,,,
"USW00014732","LAGUARDIA AIRPORT, NY US","40.77944","-73.88035","3.4","2019-06-07","7.83",,"0.00","0.0","0.0","72","81","63","   50","   60","13.0","21.0",,,,,,,,
"USW00014732","LAGUARDIA AIRPORT, NY US","40.77944","-73.88035","3.4","2019-06-08","9.40",,"0.00","0.0","0.0","71","80","63","  150","   40","18.1","21.9","    1",,,,,,,
"USW00014732","LAGUARDIA AIRPORT, NY US","40.77944","-73.88035","3.4","2019-06-09","11.41",,"0.00","0.0","0.0","68","78","61","   40","  130","18.1","21.9",,,,,,,,
"USW00014732","LAGUARDIA AIRPORT, NY US","40.77944","-73.88035","3.4","2019-06-10","12.08",,"0.78","0.0","0.0","63","70","59","   40","   60","21.0","25.1","    1","    1",,,,,,
"USW00014732","LAGUARDIA AIRPORT, NY US","40.77944","-73.88035","3.4","2019-06-11","14.32",,"0.37","0.0","0.0","69","77","64","  310","  320","28.0","34.0","    1",,,,,,"    1",
"USW00014732","LAGUARDIA AIRPORT, NY US","40.77944","-73.88035","3.4","2019-06-12","10.51",,"0.00","0.0","0.0","68","74","62","  160","  170","19.9","25.1",,,,,,,,
"USW00014732","LAGUARDIA AIRPORT, NY US","40.77944","-73.88035","3.4","2019-06-13","11.63",,"0.65","0.0","0.0","63","65","57","   60","   50","30.0","36.9","    1",,,,,,,
"USW00014732","LAGUARDIA AIRPORT, NY US","40.77944","-73.88035","3.4","2019-06-14","13.42",,"0.00","0.0","0.0","65","76","61","  290","  270","25.1","33.1",,,,,,,,
"USW00014732","LAGUARDIA AIRPORT, NY US","40.77944","-73.88035","3.4","2019-06-15","11.63",,"0.00","0.0","0.0","73","84","62","  200","  250","23.0","32.0",,,,,,,,
"USW00014732","LAGUARDIA AIRPORT, NY US","40.77944","-73.88035","3.4","2019-06-16","9.17",,"0.03","0.0","0.0","75","83","68","  220","  230","19.9","29.1",,,,,,,,
"USW00014732","LAGUARDIA AIRPORT, NY US","40.77944","-73.88035","3.4","2019-06-17","6.26",,"0.00","0.0","0.0","74","76","70","   30","   60","15.0","19.0",,,,,,,,
"USW00014732","LAGUARDIA AIRPORT, NY US","40.77944","-73.88035","3.4","2019-06-18","6.93",,"0.63","0.0","0.0","71","75","65","   60","   50","17.0","19.9","    1",,,,,,"    1",
"USW00014732","LAGUARDIA AIRPORT, NY US","40.77944","-73.88035","3.4","2019-06-19","6.93",,"0.06","0.0","0.0","68","72","64","   80","   60","12.1","19.9","    1","    1",,,,,,
"USW00014732","LAGUARDIA AIRPORT, NY US","40.77944","-73.88035","3.4","2019-06-20","7.83",,"0.91","0.0","0.0","67","78","62","  150","  160","16.1","21.9","    1","    1","    1",,,,"    1",
"USW00014732","LAGUARDIA AIRPORT, NY US","40.77944","-73.88035","3.4","2019-06-21","12.97",,"0.54","0.0","0.0","71","78","65","  310","  350","29.1","35.1","    1",,,,,,,
"USW00014732","LAGUARDIA AIRPORT, NY US","40.77944","-73.88035","3.4","2019-06-22","14.99",,"0.00","0.0","0.0","72","80","63","  330","  320","23.9","31.1",,,,,,,,
"USW00014732","LAGUARDIA AIRPORT, NY US","40.77944","-73.88035","3.4","2019-06-23","10.51",,"0.00","0.0","0.0","75","86","67","  310","  270","17.0","21.9",,,,,,,,
"USW00014732","LAGUARDIA AIRPORT, NY US","40.77944","-73.88035","3.4","2019-06-24","7.61",,"0.00","0.0","0.0","79","86","70","  190","  210","17.0","21.0",,,,,,,,
"USW00014732","LAGUARDIA AIRPORT, NY US","40.77944","-73.88035","3.4","2019-06-25","6.26",,"0.42","0.0","0.0","77","87","71","  120","   70","14.1","19.0","    1","    1","    1",,,,"    1",
"USW00014732","LAGUARDIA AIRPORT, NY US","40.77944","-73.88035","3.4","2019-06-26","6.04",,"0.00","0.0","0.0","79","90","69","  270","  250","15.0","19.9","    1","    1",,,,,,
"USW00014732","LAGUARDIA AIRPORT, NY US","40.77944","-73.88035","3.4","2019-06-27","6.93",,"0.00","0.0","0.0","82","90","72","  320","  320","17.0","21.0",,,,,,,,
"USW00014732","LAGUARDIA AIRPORT, NY US","40.77944","-73.88035","3.4","2019-06-28","5.59",,"0.00","0.0","0.0","83","93","71","  160","  150","16.1","19.0",,,,,,,,
"USW00014732","LAGUARDIA AIRPORT, NY US","40.77944","-73.88035","3.4","2019-06-29","8.50",,"0.04","0.0","0.0","83","94","76","  310","  300","29.1","34.0",,,"    1",,,,,
"USW00014732","LAGUARDIA AIRPORT, NY US","40.77944","-73.88035","3.4","2019-06-30","14.32",,"0.02","0.0","0.0","78","85","71","  320","  320","31.1","40.0",,,,,,,,
"USW00014732","LAGUARDIA AIRPORT, NY US","40.77944","-73.88035","3.4","2019-07-01","9.40",,"0.00","0.0","0.0","76","88","67","  250","  250","15.0","19.9",,,,,,,,
"USW00014732","LAGUARDIA AIRPORT, NY US","40.77944","-73.88035","3.4","2019-07-02","6.71",,"0.01","0.0","0.0","81","88","75","  290","  290","19.9","23.9",,,,,,,,
"USW00014732","LAGUARDIA AIRPORT, NY US","40.77944","-73.88035","3.4","2019-07-03","6.26",,"0.00","0.0","0.0","81","87","75","   50","   80","13.0","16.1",,,,,,,,
"USW00014732","LAGUARDIA AIRPORT, NY US","40.77944","-73.88035","3.4","2019-07-04","8.28",,"0.00","0.0","0.0","82","93","71","  170","  190","16.1","21.9",,,,,,,"    1",
"USW00014732","LAGUARDIA AIRPORT, NY US","40.77944","-73.88035","3.4","2019-07-05","7.61",,"0.00","0.0","0.0","78","85","72","  210","  190","17.0","21.0",,,,,,,"    1",
"USW00014732","LAGUARDIA AIRPORT, NY US","40.77944","-73.88035","3.4","2019-07-06","8.72",,"0.00","0.0","0.0","83","93","76","  190","  190","21.0","25.9",,,"    1",,,,,
"USW00014732","LAGUARDIA AIRPORT, NY US","40.77944","-73.88035","3.4","2019-07-07","9.17",,"0.00","0.0","0.0","79","85","73","  160","   40","16.1","23.0",,,,,,,,
"USW00014732","LAGUARDIA AIRPORT, NY US","40.77944","-73.88035","3.4","2019-07-08","5.14",,"0.02","0.0","0.0","74","82","69","   50","   60","12.1","19.9",,,,,,,,
"USW00014732","LAGUARDIA AIRPORT, NY US","40.77944","-73.88035","3.4","2019-07-09","5.59",,"0.00","0.0","0.0","80","89","71","  320","  310","16.1","21.0",,,,,,,,
"USW00014732","LAGUARDIA AIRPORT, NY US","40.77944","-73.88035","3.4","2019-07-10","5.82",,"0.00","0.0","0.0","83","91","74","  190","  190","18.1","23.0",,,,,,,,
"USW00014732","LAGUARDIA AIRPORT, NY US","40.77944","-73.88035","3.4","2019-07-11","10.07",,"0.72","0.0","0.0","81","86","74","  160","  140","19.9","25.9","    1",,"    1",,,,,
"USW00014732","LAGUARDIA AIRPORT, NY US","40.77944","-73.88035","3.4","2019-07-12","10.51",,"0.00","0.0","0.0","79","89","74","  320","  320","23.0","29.1",,,,,,,,
"USW00014732","LAGUARDIA AIRPORT, NY US","40.77944","-73.88035","3.4","2019-07-13","9.84",,"0.00","0.0","0.0","79","89","72","  190","  270","16.1","21.0",,,,,,,,
"USW00014732","LAGUARDIA AIRPORT, NY US","40.77944","-73.88035","3.4","2019-07-14","11.41",,"0.00","0.0","0.0","85","92","78","  310","  310","21.0","25.1",,,,,,,,
"USW00014732","LAGUARDIA AIRPORT, NY US","40.77944","-73.88035","3.4","2019-07-15","7.38",,"0.00","0.0","0.0","80","89","72","  330","  330","16.1","19.9",,,,,,,,
"USW00014732","LAGUARDIA AIRPORT, NY US","40.77944","-73.88035","3.4","2019-07-16","8.72",,"0.00","0.0","0.0","83","94","73","  170","  200","18.1","23.9",,,,,,,,
"USW00014732","LAGUARDIA AIRPORT, NY US","40.77944","-73.88035","3.4","2019-07-17","9.62",,"2.67","0.0","0.0","87","95","73","  330","  230","30.0","46.1","    1",,"    1",,,,,
"USW00014732","LAGUARDIA AIRPORT, NY US","40.77944","-73.88035","3.4","2019-07-18","9.17",,"0.32","0.0","0.0","76","78","71","   40","   50","23.0","27.1","    1",,,,,,"    1",
"USW00014732","LAGUARDIA AIRPORT, NY US","40.77944","-73.88035","3.4","2019-07-19","9.40",,"0.00","0.0","0.0","79","95","71","  270","  160","18.1","23.0","    1",,,,,,,
"USW00014732","LAGUARDIA AIRPORT, NY US","40.77944","-73.88035","3.4","2019-07-20","9.84",,"0.00","0.0","0.0","91","99","83","  270","  260","18.1","25.9",,,,,,,,
"USW00014732","LAGUARDIA AIRPORT, NY US","40.77944","-73.88035","3.4","2019-07-21","9.62",,"0.01","0.0","0.0","92","100","83","  260","  260","21.0","25.9",,,"    1",,,,,
"USW00014732","LAGUARDIA AIRPORT, NY US","40.77944","-73.88035","3.4","2019-07-22","7.38",,"1.24","0.0","0.0","84","91","74","  320","   20","18.1","23.0","    1",,"    1",,,,"    1",
"USW00014732","LAGUARDIA AIRPORT, NY US","40.77944","-73.88035","3.4","2019-07-23","8.95",,"0.52","0.0","0.0","73","77","68","  350","   20","15.0","19.9","    1",,,,,,"    1",
"USW00014732","LAGUARDIA AIRPORT, NY US","40.77944","-73.88035","3.4","2019-07-24","6.04",,"0.02","0.0","0.0","75","85","69","   40","   60","13.0","23.0",,,,,,,,
"USW00014732","LAGUARDIA AIRPORT, NY US","40.77944","-73.88035","3.4","2019-07-25","6.26",,"0.00","0.0","0.0","78","86","72","  320","  320","16.1","19.0",,,,,,,,
"USW00014732","LAGUARDIA AIRPORT, NY US","40.77944","-73.88035","3.4","2019-07-26","6.49",,"0.00","0.0","0.0","80","88","72","  170","   60","14.1","19.0",,,,,,,,
"USW00014732","LAGUARDIA AIRPORT, NY US","40.77944","-73.88035","3.4","2019-07-27","8.72",,"0.00","0.0","0.0","80","87","75","  170","  160","19.9","23.9",,,"    1",,,,,
"USW00014732","LAGUARDIA AIRPORT, NY US","40.77944","-73.88035","3.4","2019-07-28","9.40",,"0.00","0.0","0.0","83","93","75","  300","  300","23.0","33.1",,,,,,,,
"USW00014732","LAGUARDIA AIRPORT, NY US","40.77944","-73.88035","3.4","2019-07-29","7.61",,"0.00","0.0","0.0","85","94","77","  170","  170","21.9","27.1",,,,,,,,
"USW00014732","LAGUARDIA AIRPORT, NY US","40.77944","-73.88035","3.4","2019-07-30","9.40",,"0.00","0.0","0.0","88","95","81","  180","  170","19.9","25.1",,,"    1",,,,,
"USW00014732","LAGUARDIA AIRPORT, NY US","40.77944","-73.88035","3.4","2019-07-31","5.59",,"0.58","0.0","0.0","82","90","72","  220","  220","17.0","21.9",,,"    1",,,,,
"USW00014732","LAGUARDIA AIRPORT, NY US","40.77944","-73.88035","3.4","2019-08-01","6.71",,"0.00","0.0","0.0","79","88","73","  180","   60","12.1","19.9",,,,,,,"    1",
"USW00014732","LAGUARDIA AIRPORT, NY US","40.77944","-73.88035","3.4","2019-08-02","8.72",,"0.00","0.0","0.0","79","88","73","  160","   60","16.1","21.0",,,,,,,,
"USW00014732","LAGUARDIA AIRPORT, NY US","40.77944","-73.88035","3.4","2019-08-03","9.62",,"0.12","0.0","0.0","80","89","70","  360","  360","30.0","40.9","    1",,"    1",,,,,
"USW00014732","LAGUARDIA AIRPORT, NY US","40.77944","-73.88035","3.4","2019-08-04","5.82",,"0.00","0.0","0.0","79","88","71","   50","   70","16.1","23.0",,,,,,,,
"USW00014732","LAGUARDIA AIRPORT, NY US","40.77944","-73.88035","3.4","2019-08-05","9.40",,"0.00","0.0","0.0","77","81","71","   50","   50","14.1","25.1",,,,,,,,
"USW00014732","LAGUARDIA AIRPORT, NY US","40.77944","-73.88035","3.4","2019-08-06","8.50",,"0.00","0.0","0.0","76","83","72","  150","  160","15.0","19.0",,,,,,,,
"USW00014732","LAGUARDIA AIRPORT, NY US","40.77944","-73.88035","3.4","2019-08-07","9.17",,"0.62","0.0","0.0","78","87","70","  260","  170","23.9","31.1","    1",,"    1",,,,,
"USW00014732","LAGUARDIA AIRPORT, NY US","40.77944","-73.88035","3.4","2019-08-08","8.50",,"0.10","0.0","0.0","77","92","70","  310","  300","30.0","36.0",,,"    1",,,,,
"USW00014732","LAGUARDIA AIRPORT, NY US","40.77944","-73.88035","3.4","2019-08-09","9.17",,"0.00","0.0","0.0","77","87","72","  290","  300","30.0","36.0",,,"    1",,,,,
"USW00014732","LAGUARDIA AIRPORT, NY US","40.77944","-73.88035","3.4","2019-08-10","12.08",,"0.00","0.0","0.0","77","83","70","  290","  290","23.0","29.1",,,,,,,,
"USW00014732","LAGUARDIA AIRPORT, NY US","40.77944","-73.88035","3.4","2019-08-11","6.93",,"0.00","0.0","0.0","75","83","68","  250","  300","17.0","21.0",,,,,,,,
"USW00014732","LAGUARDIA AIRPORT, NY US","40.77944","-73.88035","3.4","2019-08-12","8.28",,"0.00","0.0","0.0","80","89","72","  210","  280","17.0","25.1",,,,,,,,
"USW00014732","LAGUARDIA AIRPORT, NY US","40.77944","-73.88035","3.4","2019-08-13","7.16",,"0.02","0.0","0.0","78","80","75","  220","  210","18.1","27.1",,,,,,,,
"USW00014732","LAGUARDIA AIRPORT, NY US","40.77944","-73.88035","3.4","2019-08-14","8.28",,"0.00","0.0","0.0","76","83","72","   40","   70","16.1","25.9","    1","    1","    1",,,,"    1",
"USW00014732","LAGUARDIA AIRPORT, NY US","40.77944","-73.88035","3.4","2019-08-15","8.50",,"0.00","0.0","0.0","76","85","72","  150","   60","15.0","23.9",,,,,,,"    1",
"USW00014732","LAGUARDIA AIRPORT, NY US","40.77944","-73.88035","3.4","2019-08-16","8.05",,"0.00","0.0","0.0","74","83","70","  150","   90","13.0","21.0",,,,,,,,
"USW00014732","LAGUARDIA AIRPORT, NY US","40.77944","-73.88035","3.4","2019-08-17","8.50",,"0.00","0.0","0.0","78","86","73","   50","   50","15.0","19.9","    1",,,,,,,
"USW00014732","LAGUARDIA AIRPORT, NY US","40.77944","-73.88035","3.4","2019-08-18","7.16",,"0.59","0.0","0.0","80","91","74","  310","  320","21.9","29.1","    1",,"    1",,,,"    1",
"USW00014732","LAGUARDIA AIRPORT, NY US","40.77944","-73.88035","3.4","2019-08-19","7.16",,"0.00","0.0","0.0","81","93","75","  160","  170","21.9","29.1",,,"    1",,,,,
"USW00014732","LAGUARDIA AIRPORT, NY US","40.77944","-73.88035","3.4","2019-08-20","8.05",,"0.00","0.0","0.0","82","89","76","  170","   50","16.1","21.0",,,,,,,,
"USW00014732","LAGUARDIA AIRPORT, NY US","40.77944","-73.88035","3.4","2019-08-21","8.28",,"0.35","0.0","0.0","82","91","78","  200","  190","19.9","25.9",,,"    1",,,,,
"USW00014732","LAGUARDIA AIRPORT, NY US","40.77944","-73.88035","3.4","2019-08-22","7.61",,"1.18","0.0","0.0","83","93","71","  310","  300","38.0","46.1","    1",,"    1",,,,,
"USW00014732","LAGUARDIA AIRPORT, NY US","40.77944","-73.88035","3.4","2019-08-23","7.83",,"0.06","0.0","0.0","73","76","66","  320","   40","15.0","21.0",,,,,,,,
"USW00014732","LAGUARDIA AIRPORT, NY US","40.77944","-73.88035","3.4","2019-08-24","8.72",,"0.00","0.0","0.0","71","77","64","   10","  360","16.1","21.9",,,,,,,,
"USW00014732","LAGUARDIA AIRPORT, NY US","40.77944","-73.88035","3.4","2019-08-25","16.11",,"0.00","0.0","0.0","71","77","66","   60","   60","25.9","34.0",,,,,,,,
"USW00014732","LAGUARDIA AIRPORT, NY US","40.77944","-73.88035","3.4","2019-08-26","10.96",,"0.00","0.0","0.0","67","74","61","   50","   50","21.0","23.9",,,,,,,,
"USW00014732","LAGUARDIA AIRPORT, NY US","40.77944","-73.88035","3.4","2019-08-27","7.16",,"0.00","0.0","0.0","70","76","65","  190","   80","14.1","18.1",,,,,,,,
"USW00014732","LAGUARDIA AIRPORT, NY US","40.77944","-73.88035","3.4","2019-08-28","7.38",,"0.10","0.0","0.0","70","76","69","   40","   50","16.1","23.0","    1",,,,,,"    1",
"USW00014732","LAGUARDIA AIRPORT, NY US","40.77944","-73.88035","3.4","2019-08-29","11.41",,"0.00","0.0","0.0","75","84","69","  300","  280","21.9","28.0",,,,,,,,
"USW00014732","LAGUARDIA AIRPORT, NY US","40.77944","-73.88035","3.4","2019-08-30","9.40",,"0.00","0.0","0.0","78","89","70","  260","  260","18.1","28.0",,,,,,,,
"USW00014732","LAGUARDIA AIRPORT, NY US","40.77944","-73.88035","3.4","2019-08-31","8.50",,"0.00","0.0","0.0","78","82","71","   50","   60","14.1","19.0",,,,,,,,
"USW00014732","LAGUARDIA AIRPORT, NY US","40.77944","-73.88035","3.4","2019-09-01","9.62",,"0.00","0.0","0.0","72","78","65","  130","   70","16.1","21.9",,,,,,,,
"USW00014732","LAGUARDIA AIRPORT, NY US","40.77944","-73.88035","3.4","2019-09-02","8.50",,"0.51","0.0","0.0","73","79","70","  180","  180","21.0","25.9","    1",,"    1",,,,,
"USW00014732","LAGUARDIA AIRPORT, NY US","40.77944","-73.88035","3.4","2019-09-03","8.50",,"0.00","0.0","0.0","75","82","69","  160","   60","15.0","19.9",,,,,,,,
"USW00014732","LAGUARDIA AIRPORT, NY US","40.77944","-73.88035","3.4","2019-09-04","9.84",,"0.00","0.0","0.0","77","89","70","  180","  180","21.0","25.9",,,"    1",,,,,
"USW00014732","LAGUARDIA AIRPORT, NY US","40.77944","-73.88035","3.4","2019-09-05","8.72",,"0.00","0.0","0.0","72","74","65","   20","   20","17.0","23.0",,,,,,,,
"USW00014732","LAGUARDIA AIRPORT, NY US","40.77944","-73.88035","3.4","2019-09-06","16.33",,"0.03","0.0","0.0","67","69","60","   60","   40","32.0","40.0","    1",,,,,,"    1",
"USW00014732","LAGUARDIA AIRPORT, NY US","40.77944","-73.88035","3.4","2019-09-07","12.08",,"0.00","0.0","0.0","66","77","58","  310","  360","21.9","29.1",,,,,,,,
"USW00014732","LAGUARDIA AIRPORT, NY US","40.77944","-73.88035","3.4","2019-09-08","7.61",,"0.00","0.0","0.0","72","79","67","  260","  320","16.1","19.9",,,,,,,,
"USW00014732","LAGUARDIA AIRPORT, NY US","40.77944","-73.88035","3.4","2019-09-09","10.29",,"0.00","0.0","0.0","71","77","66","   40","   60","17.0","23.9",,,,,,,,
"USW00014732","LAGUARDIA AIRPORT, NY US","40.77944","-73.88035","3.4","2019-09-10","9.17",,"0.00","0.0","0.0","72","78","68","  170","  160","17.0","23.0",,,,,,,,
"USW00014732","LAGUARDIA AIRPORT, NY US","40.77944","-73.88035","3.4","2019-09-11","9.62",,"0.00","0.0","0.0","78","91","70","  230","  220","17.0","23.0",,,,,,,,
"USW00014732","LAGUARDIA AIRPORT, NY US","40.77944","-73.88035","3.4","2019-09-12","11.63",,"0.07","0.0","0.0","79","83","64","   50","   70","23.0","29.1","    1",,,,,,"    1",
"USW00014732","LAGUARDIA AIRPORT, NY US","40.77944","-73.88035","3.4","2019-09-13","10.74",,"0.00","0.0","0.0","65","73","60","  120","  130","18.1","23.0",,,,,,,,
"USW00014732","LAGUARDIA AIRPORT, NY US","40.77944","-73.88035","3.4","2019-09-14","9.62",,"0.00","0.0","0.0","69","78","63","  170","  180","21.0","27.1",,,,,,,,
"USW00014732","LAGUARDIA AIRPORT, NY US","40.77944","-73.88035","3.4","2019-09-15","5.59",,"0.00","0.0","0.0","76","85","71","  320","  310","17.0","21.0",,,,,,,,
"USW00014732","LAGUARDIA AIRPORT, NY US","40.77944","-73.88035","3.4","2019-09-16","6.49",,"0.00","0.0","0.0","74","77","70","   70","   60","13.0","17.0",,,,,,,,
"USW00014732","LAGUARDIA AIRPORT, NY US","40.77944","-73.88035","3.4","2019-09-17","8.95",,"0.00","0.0","0.0","71","79","63","   30","   30","18.1","23.0",,,,,,,,
"USW00014732","LAGUARDIA AIRPORT, NY US","40.77944","-73.88035","3.4","2019-09-18","11.41",,"0.00","0.0","0.0","66","70","58","   60","   60","19.9","33.1",,,,,,,,
"USW00014732","LAGUARDIA AIRPORT, NY US","40.77944","-73.88035","3.4","2019-09-19","7.61",,"0.00","0.0","0.0","62","71","54","   40","   60","13.0","16.1",,,,,,,,
"USW00014732","LAGUARDIA AIRPORT, NY US","40.77944","-73.88035","3.4","2019-09-20","8.05",,"0.00","0.0","0.0","68","79","60","  280",,"14.1",,,,,,,,,
"USW00014732","LAGUARDIA AIRPORT, NY US","40.77944","-73.88035","3.4","2019-09-21","4.03",,"0.00","0.0","0.0","74","86","63","  170","  160","13.0","15.0",,,,,,,,
"USW00014732","LAGUARDIA AIRPORT, NY US","40.77944","-73.88035","3.4","2019-09-22","7.61",,"0.00","0.0","0.0","76","86","68","  180","  230","17.0","21.0",,,,,,,,
"USW00014732","LAGUARDIA AIRPORT, NY US","40.77944","-73.88035","3.4","2019-09-23","10.96",,"0.03","0.0","0.0","80","90","72","  300","  300","23.0","29.1",,,,,,,,
"USW00014732","LAGUARDIA AIRPORT, NY US","40.77944","-73.88035","3.4","2019-09-24","13.42",,"0.00","0.0","0.0","75","76","67","  340","  320","23.0","30.0",,,,,,,,
"USW00014732","LAGUARDIA AIRPORT, NY US","40.77944","-73.88035","3.4","2019-09-25","7.61",,"0.00","0.0","0.0","70","79","62","  180","  260","14.1","19.9",,,,,,,,
"USW00014732","LAGUARDIA AIRPORT, NY US","40.77944","-73.88035","3.4","2019-09-26","9.40",,"0.00","0.0","0.0","72","82","67","  300","  320","21.9","27.1",,,,,,,,
"USW00014732","LAGUARDIA AIRPORT, NY US","40.77944","-73.88035","3.4","2019-09-27","7.83",,"0.00","0.0","0.0","69","78","63","  200","  190","17.0","19.9",,,,,,,,
"USW00014732","LAGUARDIA AIRPORT, NY US","40.77944","-73.88035","3.4","2019-09-28","8.72",,"0.00","0.0","0.0","72","81","67","  170","  170","17.0","21.0",,,,,,,,
"USW00014732","LAGUARDIA AIRPORT, NY US","40.77944","-73.88035","3.4","2019-09-29","9.62",,"0.00","0.0","0.0","75","79","66","   20","   10","19.9","25.1",,,,,,,,
"USW00014732","LAGUARDIA AIRPORT, NY US","40.77944","-73.88035","3.4","2019-09-30","11.86",,"0.00","0.0","0.0","66","72","61","   60","   60","19.9","23.9",,,,,,,,
"USW00014732","LAGUARDIA AIRPORT, NY US","40.77944","-73.88035","3.4","2019-10-01","10.29",,"0.00","0.0","0.0","70","82","64","  230","  220","16.1","21.9",,,,,,,,
"USW00014732","LAGUARDIA AIRPORT, NY US","40.77944","-73.88035","3.4","2019-10-02","10.29",,"0.21","0.0","0.0","80","95","63","  270","  250","21.9","25.9","    1",,,,,,,
"USW00014732","LAGUARDIA AIRPORT, NY US","40.77944","-73.88035","3.4","2019-10-03","12.53",,"0.23","0.0","0.0","61","67","54","   60","   70","23.9","31.1","    1",,,,,,"    1",
"USW00014732","LAGUARDIA AIRPORT, NY US","40.77944","-73.88035","3.4","2019-10-04","14.09",,"0.00","0.0","0.0","61","66","50","  330","  310","29.1","36.0","    1",,,,,,,
"USW00014732","LAGUARDIA AIRPORT, NY US","40.77944","-73.88035","3.4","2019-10-05","8.95",,"0.00","0.0","0.0","53","60","46","   50","   40","19.9","23.0",,,,,,,,
"USW00014732","LAGUARDIA AIRPORT, NY US","40.77944","-73.88035","3.4","2019-10-06","10.96",,"0.01","0.0","0.0","63","71","57","  190","  180","21.9","30.0",,,,,,,,
"USW00014732","LAGUARDIA AIRPORT, NY US","40.77944","-73.88035","3.4","2019-10-07","11.63",,"0.03","0.0","0.0","72","79","60","  200","  220","23.0","32.0","    1",,,,,,,
"USW00014732","LAGUARDIA AIRPORT, NY US","40.77944","-73.88035","3.4","2019-10-08","12.53",,"0.03","0.0","0.0","62","66","59","   40","   40","19.9","31.1","    1",,,,,,,
"USW00014732","LAGUARDIA AIRPORT, NY US","40.77944","-73.88035","3.4","2019-10-09","15.88",,"0.54","0.0","0.0","58","61","53","   50","   50","31.1","35.1","    1",,,,,,,
"USW00014732","LAGUARDIA AIRPORT, NY US","40.77944","-73.88035","3.4","2019-10-10","16.11",,"0.00","0.0","0.0","59","72","53","   40","   40","25.9","32.0",,,,,,,,
"USW00014732","LAGUARDIA AIRPORT, NY US","40.77944","-73.88035","3.4","2019-10-11","16.11",,"0.00","0.0","0.0","60","66","55","   30","   50","25.9","33.1",,,,,,,,
"USW00014732","LAGUARDIA AIRPORT, NY US","40.77944","-73.88035","3.4","2019-10-12","7.38",,"0.00","0.0","0.0","60","69","56","  300","  300","18.1","21.9",,,,,,,,
"USW00014732","LAGUARDIA AIRPORT, NY US","40.77944","-73.88035","3.4","2019-10-13","7.61",,"0.00","0.0","0.0","62","67","56","  300","  310","17.0","21.0",,,,,,,,
"USW00014732","LAGUARDIA AIRPORT, NY US","40.77944","-73.88035","3.4","2019-10-14","8.05",,"0.00","0.0","0.0","64","75","59","  320","  320","18.1","25.1",,,,,,,,
"USW00014732","LAGUARDIA AIRPORT, NY US","40.77944","-73.88035","3.4","2019-10-15","6.26",,"0.00","0.0","0.0","61","66","54","  180","  190","14.1","17.0",,,,,,,,
"USW00014732","LAGUARDIA AIRPORT, NY US","40.77944","-73.88035","3.4","2019-10-16","16.11",,"1.71","0.0","0.0","60","67","54","  300","  300","42.9","55.0","    1",,,,,,,
"USW00014732","LAGUARDIA AIRPORT, NY US","40.77944","-73.88035","3.4","2019-10-17","22.82",,"0.00","0.0","0.0","57","59","52","  260","  260","38.0","50.1",,,,,,,,
"USW00014732","LAGUARDIA AIRPORT, NY US","40.77944","-73.88035","3.4","2019-10-18","18.57",,"0.00","0.0","0.0","55","59","49","  320","  320","29.1","36.9",,,,,,,,
"USW00014732","LAGUARDIA AIRPORT, NY US","40.77944","-73.88035","3.4","2019-10-19","5.82",,"0.00","0.0","0.0","53","62","47","  160","  330","14.1","17.0",,,,,,,,
"USW00014732","LAGUARDIA AIRPORT, NY US","40.77944","-73.88035","3.4","2019-10-20","7.83",,"0.37","0.0","0.0","56","59","51","   50","   70","17.0","23.0","    1",,,,,,,
"USW00014732","LAGUARDIA AIRPORT, NY US","40.77944","-73.88035","3.4","2019-10-21","8.50",,"0.00","0.0","0.0","58","68","52","   40","   30","17.0","21.9",,,,,,,,
"USW00014732","LAGUARDIA AIRPORT, NY US","40.77944","-73.88035","3.4","2019-10-22","10.51",,"0.46","0.0","0.0","58","63","55","  110","  100","18.1","21.9","    1",,,,,,"    1",
"USW00014732","LAGUARDIA AIRPORT, NY US","40.77944","-73.88035","3.4","2019-10-23","13.65",,"0.05","0.0","0.0","62","66","56","  290","  300","21.9","27.1","    1",,,,,,,
"USW00014732","LAGUARDIA AIRPORT, NY US","40.77944","-73.88035","3.4","2019-10-24","7.83",,"0.00","0.0","0.0","59","68","52","  190","  170","17.0","21.0",,,,,,,,
"USW00014732","LAGUARDIA AIRPORT, NY US","40.77944","-73.88035","3.4","2019-10-25","5.82",,"0.00","0.0","0.0","59","67","53","  160","  160","14.1","18.1",,,,,,,,
"USW00014732","LAGUARDIA AIRPORT, NY US","40.77944","-73.88035","3.4","2019-10-26","7.61",,"0.00","0.0","0.0","60","63","54","   50","   40","15.0","21.9",,,,,,,,
"USW00014732","LAGUARDIA AIRPORT, NY US","40.77944","-73.88035","3.4","2019-10-27","11.63",,"1.41","0.0","0.0","61","70","56","  150","  150","23.9","34.0","    1",,,,,,,
"USW00014732","LAGUARDIA AIRPORT, NY US","40.77944","-73.88035","3.4","2019-10-28","9.84",,"0.00","0.0","0.0","59","63","54","   40","   60","17.0","23.9",,,,,,,,
"USW00014732","LAGUARDIA AIRPORT, NY US","40.77944","-73.88035","3.4","2019-10-29","8.50",,"0.10","0.0","0.0","55","58","53","   40","   50","13.0","21.0","    1",,,,,,,
"USW00014732","LAGUARDIA AIRPORT, NY US","40.77944","-73.88035","3.4","2019-10-30","8.05",,"0.04","0.0","0.0","58","60","56","   40","   50","15.0","19.9","    1","    1",,,,,,
"USW00014732","LAGUARDIA AIRPORT, NY US","40.77944","-73.88035","3.4","2019-10-31","16.11",,"0.39","0.0","0.0","62","67","59","  180","  180","31.1","44.1","    1",,,,,,,
"USW00014732","LAGUARDIA AIRPORT, NY US","40.77944","-73.88035","3.4","2019-11-01","17.22",,"0.07","0.0","0.0","54","67","43","  270","  270","38.0","53.9","    1",,,,,,,
"USW00014732","LAGUARDIA AIRPORT, NY US","40.77944","-73.88035","3.4","2019-11-02","7.38",,"0.00","0.0","0.0","45","50","40","  290","  300","17.0","19.9",,,,,,,,
"USW00014732","LAGUARDIA AIRPORT, NY US","40.77944","-73.88035","3.4","2019-11-03","11.41",,"0.00","0.0","0.0","48","53","44","  290","  290","18.1","23.0",,,,,,,,
"USW00014732","LAGUARDIA AIRPORT, NY US","40.77944","-73.88035","3.4","2019-11-04","8.05",,"0.00","0.0","0.0","49","56","42","  160","  180","21.0","27.1",,,,,,,,
"USW00014732","LAGUARDIA AIRPORT, NY US","40.77944","-73.88035","3.4","2019-11-05","8.28",,"0.00","0.0","0.0","56","61","50","  310","  260","18.1","29.1",,,,,,,,
"USW00014732","LAGUARDIA AIRPORT, NY US","40.77944","-73.88035","3.4","2019-11-06","9.84",,"0.00","0.0","0.0","53","55","48","  310","  290","19.9","28.0",,,,,,,,
"USW00014732","LAGUARDIA AIRPORT, NY US","40.77944","-73.88035","3.4","2019-11-07","10.07",,"0.08","0.0","0.0","53","58","42","  330","  300","19.9","25.9",,,,,,,,
"USW00014732","LAGUARDIA AIRPORT, NY US","40.77944","-73.88035","3.4","2019-11-08","18.34",,"0.00","0.0","0.0","40","42","31","  300","  300","31.1","38.9",,,,,,,,
"USW00014732","LAGUARDIA AIRPORT, NY US","40.77944","-73.88035","3.4","2019-11-09","7.61",,"0.00","0.0","0.0","35","42","30","  160","  190","15.0","21.0",,,,,,,,
"USW00014732","LAGUARDIA AIRPORT, NY US","40.77944","-73.88035","3.4","2019-11-10","7.83",,"0.00","0.0","0.0","44","52","39","  210","  210","15.0","19.9",,,,,,,,
"USW00014732","LAGUARDIA AIRPORT, NY US","40.77944","-73.88035","3.4","2019-11-11","5.82",,"0.00","0.0","0.0","53","62","48","  160","  160","14.1","18.1",,,,,,,,
"USW00014732","LAGUARDIA AIRPORT, NY US","40.77944","-73.88035","3.4","2019-11-12","17.67",,"0.02","0.0","0.0","48","58","27","  310","  310","29.1","36.0",,,,,,,,
"USW00014732","LAGUARDIA AIRPORT, NY US","40.77944","-73.88035","3.4","2019-11-13","14.99",,"0.00","0.0","0.0","29","35","24","  320","  310","25.9","36.0",,,,,,,,
"USW00014732","LAGUARDIA AIRPORT, NY US","40.77944","-73.88035","3.4","2019-11-14","7.16",,"0.00","0.0","0.0","35","45","29","  250","  190","16.1","23.0",,,,,,,,
"USW00014732","LAGUARDIA AIRPORT, NY US","40.77944","-73.88035","3.4","2019-11-15","8.50",,"0.00","0.0","0.0","45","52","38","  330","  340","21.9","28.0",,,,,,,"    1",
"USW00014732","LAGUARDIA AIRPORT, NY US","40.77944","-73.88035","3.4","2019-11-16","16.11",,"0.00","0.0","0.0","41","43","33","   50","   50","25.9","35.1",,,,,,,,
"USW00014732","LAGUARDIA AIRPORT, NY US","40.77944","-73.88035","3.4","2019-11-17","18.79",,"0.00","0.0","0.0","37","44","31","   60","   60","29.1","33.1",,,,,,,,
"USW00014732","LAGUARDIA AIRPORT, NY US","40.77944","-73.88035","3.4","2019-11-18","11.41",,"0.43","0.0","0.0","40","43","38","  330","   40","17.0","23.0","    1",,,,,,"    1",
"USW00014732","LAGUARDIA AIRPORT, NY US","40.77944","-73.88035","3.4","2019-11-19","8.05",,"0.20","0.0","0.0","44","49","41","  300","  350","16.1","21.0","    1",,,,,,,
"USW00014732","LAGUARDIA AIRPORT, NY US","40.77944","-73.88035","3.4","2019-11-20","13.65",,"0.00","0.0","0.0","44","49","41","  320","  320","23.9","29.1",,,,,,,,
"USW00014732","LAGUARDIA AIRPORT, NY US","40.77944","-73.88035","3.4","2019-11-21","7.38",,"0.00","0.0","0.0","45","53","39","  220","  210","14.1","19.0",,,,,,,,
"USW00014732","LAGUARDIA AIRPORT, NY US","40.77944","-73.88035","3.4","2019-11-22","16.11",,"0.07","0.0","0.0","50","54","39","  320","  320","31.1","38.9",,,,,,,,
"USW00014732","LAGUARDIA AIRPORT, NY US","40.77944","-73.88035","3.4","2019-11-23","8.50",,"0.02","0.0","0.0","41","46","36","  310","  310","23.0","27.1",,,,,,,,
"USW00014732","LAGUARDIA AIRPORT, NY US","40.77944","-73.88035","3.4","2019-11-24","17.90",,"0.72","0.0","0.0","44","48","40","   50","   50","29.1","36.0","    1",,,,,,,
"USW00014732","LAGUARDIA AIRPORT, NY US","40.77944","-73.88035","3.4","2019-11-25","8.72",,"0.00","0.0","0.0","46","53","41","  290","  300","21.9","30.0",,,,,,,,
"USW00014732","LAGUARDIA AIRPORT, NY US","40.77944","-73.88035","3.4","2019-11-26","6.71",,"0.00","0.0","0.0","51","60","44","  170","  170","13.0","15.0",,,,,,,"    1",
"USW00014732","LAGUARDIA AIRPORT, NY US","40.77944","-73.88035","3.4","2019-11-27","10.07",,"0.02","0.0","0.0","53","58","46","  280","  280","31.1","42.1",,,,,,,,
"USW00014732","LAGUARDIA AIRPORT, NY US","40.77944","-73.88035","3.4","2019-11-28","22.82",,"0.00","0.0","0.0","51","55","39","  310","  310","38.9","48.1",,,,,,,,
"USW00014732","LAGUARDIA AIRPORT, NY US","40.77944","-73.88035","3.4","2019-11-29","13.87",,"0.00","0.0","0.0","38","42","32","  350","  350","23.0","29.1",,,,,,,,
"USW00014732","LAGUARDIA AIRPORT, NY US","40.77944","-73.88035","3.4","2019-11-30","9.62",,"0.00","0.0","0.0","37","44","32","  330","  330","17.0","21.0",,,,,,,,
"USW00014732","LAGUARDIA AIRPORT, NY US","40.77944","-73.88035","3.4","2019-12-01","16.78",,"0.56","0.2","0.0","34","41","30","   50","   50","35.1","44.1","    1",,,"    1",,"    1",,
"USW00014732","LAGUARDIA AIRPORT, NY US","40.77944","-73.88035","3.4","2019-12-02","16.33",,"0.40","0.3","0.0","37","39","32","   50","   50","32.0","40.0","    1",,,,,,,
"USW00014732","LAGUARDIA AIRPORT, NY US","40.77944","-73.88035","3.4","2019-12-03","18.12",,"0.00","0.1","0.0","34","38","32","  310","  310","32.0","40.9","    1",,,,,,,
"USW00014732","LAGUARDIA AIRPORT, NY US","40.77944","-73.88035","3.4","2019-12-04","10.51",,"0.00","0.0","0.0","37","41","34","  260","  270","17.0","21.9",,,,,,,,
"USW00014732","LAGUARDIA AIRPORT, NY US","40.77944","-73.88035","3.4","2019-12-05","16.11",,"0.00","0.0","0.0","40","43","38","  320","  320","30.0","40.9",,,,,,,,
"USW00014732","LAGUARDIA AIRPORT, NY US","40.77944","-73.88035","3.4","2019-12-06","13.42",,"0.00","0.0","0.0","41","50","36","  310","  320","31.1","36.9",,,,,,,,
"USW00014732","LAGUARDIA AIRPORT, NY US","40.77944","-73.88035","3.4","2019-12-07","14.09",,"0.00","0.0","0.0","38","39","32","  320","  330","25.1","30.0",,,,,,,,
"USW00014732","LAGUARDIA AIRPORT, NY US","40.77944","-73.88035","3.4","2019-12-08","7.16",,"0.00","0.0","0.0","34","44","28","  160","  160","18.1","23.0",,,,,,,,
"USW00014732","LAGUARDIA AIRPORT, NY US","40.77944","-73.88035","3.4","2019-12-09","9.84",,"1.80","0.0","0.0","47","56","41","  220","  230","23.0","35.1","    1",,,,,,,
"USW00014732","LAGUARDIA AIRPORT, NY US","40.77944","-73.88035","3.4","2019-12-10","12.30",,"0.17","0.0","0.0","56","58","40","  290","  300","33.1","38.9",,,,,,,,
"USW00014732","LAGUARDIA AIRPORT, NY US","40.77944","-73.88035","3.4","2019-12-11","12.30",,"0.29","0.9","1.2","39","41","32","  260","  260","25.9","36.0","    1",,,,,,,
"USW00014732","LAGUARDIA AIRPORT, NY US","40.77944","-73.88035","3.4","2019-12-12","9.17",,"0.00","0.0","0.0","33","36","27","  310","  310","25.9","34.0",,,,,,,,
"USW00014732","LAGUARDIA AIRPORT, NY US","40.77944","-73.88035","3.4","2019-12-13","11.63",,"1.01","0.0","0.0","38","47","32","   40","   40","21.9","27.1","    1",,,,,,"    1",
"USW00014732","LAGUARDIA AIRPORT, NY US","40.77944","-73.88035","3.4","2019-12-14","12.08",,"1.13","0.0","0.0","50","56","45","   50","  270","29.1","38.9","    1","    1",,,,,,
"USW00014732","LAGUARDIA AIRPORT, NY US","40.77944","-73.88035","3.4","2019-12-15","20.36",,"0.00","0.0","0.0","46","50","38","  290","  270","36.0","49.0",,,,,,,,
"USW00014732","LAGUARDIA AIRPORT, NY US","40.77944","-73.88035","3.4","2019-12-16","7.83",,"0.08","0.0","0.0","37","38","34","  300","  300","23.0","30.0",,,,"    1",,"    1",,
"USW00014732","LAGUARDIA AIRPORT, NY US","40.77944","-73.88035","3.4","2019-12-17","14.99",,"0.90","0.0","0.0","35","37","33","   60","   60","23.9","32.0","    1",,,"    1",,,,
"USW00014732","LAGUARDIA AIRPORT, NY US","40.77944","-73.88035","3.4","2019-12-18","17.45",,"0.04","0.5","0.0","35","37","23","  310","  310","32.0","40.0","    1",,,,,,"    1",
"USW00014732","LAGUARDIA AIRPORT, NY US","40.77944","-73.88035","3.4","2019-12-19","19.69",,"0.00","0.0","0.0","23","27","18","  300","  290","31.1","42.1",,,,,,,,
"USW00014732","LAGUARDIA AIRPORT, NY US","40.77944","-73.88035","3.4","2019-12-20","11.86",,"0.00","0.0","0.0","27","34","24","  320","  300","18.1","23.9",,,,,,,,
"USW00014732","LAGUARDIA AIRPORT, NY US","40.77944","-73.88035","3.4","2019-12-21","4.70",,"0.00","0.0","0.0","28","35","24","  360","  350","16.1","19.0",,,,,,,,
"USW00014732","LAGUARDIA AIRPORT, NY US","40.77944","-73.88035","3.4","2019-12-22","7.16",,"0.00","0.0","0.0","37","47","30","  260","  240","17.0","23.0",,,,,,,,
"USW00014732","LAGUARDIA AIRPORT, NY US","40.77944","-73.88035","3.4","2019-12-23","6.71",,"0.00","0.0","0.0","46","57","38","  230","  230","16.1","21.0",,,,,,,,
"USW00014732","LAGUARDIA AIRPORT, NY US","40.77944","-73.88035","3.4","2019-12-24","8.50",,"0.00","0.0","0.0","46","48","36","  350","  350","17.0","21.0",,,,,,,,
"USW00014732","LAGUARDIA AIRPORT, NY US","40.77944","-73.88035","3.4","2019-12-25","6.04",,"0.00","0.0","0.0","38","43","34","   50","   40","10.1","13.0",,,,,,,,
"USW00014732","LAGUARDIA AIRPORT, NY US","40.77944","-73.88035","3.4","2019-12-26","8.50",,"0.00","0.0","0.0","38","46","36","   40","   40","17.0","19.9","    1","    1",,,,,,
"USW00014732","LAGUARDIA AIRPORT, NY US","40.77944","-73.88035","3.4","2019-12-27","8.95",,"0.00","0.0","0.0","48","54","42","  250","  250","17.0","21.9",,,,,,,,
"USW00014732","LAGUARDIA AIRPORT, NY US","40.77944","-73.88035","3.4","2019-12-28","8.28",,"0.00","0.0","0.0","49","50","44","  320","  320","15.0","19.0",,,,,,,,
"USW00014732","LAGUARDIA AIRPORT, NY US","40.77944","-73.88035","3.4","2019-12-29","8.05",,"0.29","0.0","0.0","42","44","38","   50","   60","14.1","19.9","    1",,,,,,,
"USW00014732","LAGUARDIA AIRPORT, NY US","40.77944","-73.88035","3.4","2019-12-30","17.90",,"0.49","0.0","0.0","41","43","38","   50","   50","33.1","38.0","    1",,,,,,"    1",
"USW00014732","LAGUARDIA AIRPORT, NY US","40.77944","-73.88035","3.4","2019-12-31","9.40",,"0.01","0.0","0.0","40","46","38","  290","  250","23.0","30.0","    1",,,,,,,
